Workbook

Sheet Dashboard
A1: AFL Draft Pick Holdings — Dashboard
A2: Total pick value held by each team. Updates automatically from the Picks ledger.
A3: Board integrity: | B3: ="2026: "&Ladder!$J$24&" 2027: "&Ladder!$J$25&" 2028: "&Ladder!$J$26 -> 2026: VALID - value conserved 2027: VALID - value conserved 2028: VALID - value conserved
A5: Rank | B5: Team | C5: Total Value | D5: 2026 Value | E5: 2027 Value (adj) | F5: 2028 Value (adj) | G5: Picks | H5: 2026 | I5: 2027 | J5: 2028
A6: =RANK(C6,$C$6:$C$21) -> 1 | B6: Adelaide | C6: =D6+E6+F6 -> 23482 | D6: =SUMIFS(Picks!$J:$J,Picks!$E:$E,$B6,Picks!$B:$B,2026) -> 5998 | E6: =SUMIFS(Picks!$J:$J,Picks!$E:$E,$B6,Picks!$B:$B,2027) -> 15410 | F6: =SUMIFS(Picks!$J:$J,Picks!$E:$E,$B6,Picks!$B:$B,2028) -> 2074 | G6: =COUNTIFS(Picks!$E:$E,$B6) -> 31 | H6: =COUNTIFS(Picks!$E:$E,$B6,Picks!$B:$B,2026) -> 9 | I6: =COUNTIFS(Picks!$E:$E,$B6,Picks!$B:$B,2027) -> 16 | J6: =COUNTIFS(Picks!$E:$E,$B6,Picks!$B:$B,2028) -> 6
A7: =RANK(C7,$C$6:$C$21) -> 14 | B7: Brisbane | C7: =D7+E7+F7 -> 2773 | D7: =SUMIFS(Picks!$J:$J,Picks!$E:$E,$B7,Picks!$B:$B,2026) -> 213 | E7: =SUMIFS(Picks!$J:$J,Picks!$E:$E,$B7,Picks!$B:$B,2027) -> 430 | F7: =SUMIFS(Picks!$J:$J,Picks!$E:$E,$B7,Picks!$B:$B,2028) -> 2130 | G7: =COUNTIFS(Picks!$E:$E,$B7) -> 10 | H7: =COUNTIFS(Picks!$E:$E,$B7,Picks!$B:$B,2026) -> 2 | I7: =COUNTIFS(Picks!$E:$E,$B7,Picks!$B:$B,2027) -> 3 | J7: =COUNTIFS(Picks!$E:$E,$B7,Picks!$B:$B,2028) -> 5
A8: =RANK(C8,$C$6:$C$21) -> 11 | B8: Carlton | C8: =D8+E8+F8 -> 3942 | D8: =SUMIFS(Picks!$J:$J,Picks!$E:$E,$B8,Picks!$B:$B,2026) -> 1412 | E8: =SUMIFS(Picks!$J:$J,Picks!$E:$E,$B8,Picks!$B:$B,2027) -> 338 | F8: =SUMIFS(Picks!$J:$J,Picks!$E:$E,$B8,Picks!$B:$B,2028) -> 2192 | G8: =COUNTIFS(Picks!$E:$E,$B8) -> 16 | H8: =COUNTIFS(Picks!$E:$E,$B8,Picks!$B:$B,2026) -> 6 | I8: =COUNTIFS(Picks!$E:$E,$B8,Picks!$B:$B,2027) -> 5 | J8: =COUNTIFS(Picks!$E:$E,$B8,Picks!$B:$B,2028) -> 5
A9: =RANK(C9,$C$6:$C$21) -> 3 | B9: Collingwood | C9: =D9+E9+F9 -> 14444 | D9: =SUMIFS(Picks!$J:$J,Picks!$E:$E,$B9,Picks!$B:$B,2026) -> 6617 | E9: =SUMIFS(Picks!$J:$J,Picks!$E:$E,$B9,Picks!$B:$B,2027) -> 5555 | F9: =SUMIFS(Picks!$J:$J,Picks!$E:$E,$B9,Picks!$B:$B,2028) -> 2272 | G9: =COUNTIFS(Picks!$E:$E,$B9) -> 25 | H9: =COUNTIFS(Picks!$E:$E,$B9,Picks!$B:$B,2026) -> 8 | I9: =COUNTIFS(Picks!$E:$E,$B9,Picks!$B:$B,2027) -> 12 | J9: =COUNTIFS(Picks!$E:$E,$B9,Picks!$B:$B,2028) -> 5
A10: =RANK(C10,$C$6:$C$21) -> 6 | B10: Essendon | C10: =D10+E10+F10 -> 7238 | D10: =SUMIFS(Picks!$J:$J,Picks!$E:$E,$B10,Picks!$B:$B,2026) -> 593 | E10: =SUMIFS(Picks!$J:$J,Picks!$E:$E,$B10,Picks!$B:$B,2027) -> 3715 | F10: =SUMIFS(Picks!$J:$J,Picks!$E:$E,$B10,Picks!$B:$B,2028) -> 2930 | G10: =COUNTIFS(Picks!$E:$E,$B10) -> 11 | H10: =COUNTIFS(Picks!$E:$E,$B10,Picks!$B:$B,2026) -> 2 | I10: =COUNTIFS(Picks!$E:$E,$B10,Picks!$B:$B,2027) -> 4 | J10: =COUNTIFS(Picks!$E:$E,$B10,Picks!$B:$B,2028) -> 5
A11: =RANK(C11,$C$6:$C$21) -> 5 | B11: Fremantle | C11: =D11+E11+F11 -> 11651 | D11: =SUMIFS(Picks!$J:$J,Picks!$E:$E,$B11,Picks!$B:$B,2026) -> 5811 | E11: =SUMIFS(Picks!$J:$J,Picks!$E:$E,$B11,Picks!$B:$B,2027) -> 2349 | F11: =SUMIFS(Picks!$J:$J,Picks!$E:$E,$B11,Picks!$B:$B,2028) -> 3491 | G11: =COUNTIFS(Picks!$E:$E,$B11) -> 23 | H11: =COUNTIFS(Picks!$E:$E,$B11,Picks!$B:$B,2026) -> 12 | I11: =COUNTIFS(Picks!$E:$E,$B11,Picks!$B:$B,2027) -> 6 | J11: =COUNTIFS(Picks!$E:$E,$B11,Picks!$B:$B,2028) -> 5
A12: =RANK(C12,$C$6:$C$21) -> 15 | B12: Geelong | C12: =D12+E12+F12 -> 2227 | D12: =SUMIFS(Picks!$J:$J,Picks!$E:$E,$B12,Picks!$B:$B,2026) -> 394 | E12: =SUMIFS(Picks!$J:$J,Picks!$E:$E,$B12,Picks!$B:$B,2027) -> 0 | F12: =SUMIFS(Picks!$J:$J,Picks!$E:$E,$B12,Picks!$B:$B,2028) -> 1833 | G12: =COUNTIFS(Picks!$E:$E,$B12) -> 9 | H12: =COUNTIFS(Picks!$E:$E,$B12,Picks!$B:$B,2026) -> 3 | I12: =COUNTIFS(Picks!$E:$E,$B12,Picks!$B:$B,2027) -> 1 | J12: =COUNTIFS(Picks!$E:$E,$B12,Picks!$B:$B,2028) -> 5
A13: =RANK(C13,$C$6:$C$21) -> 2 | B13: Hawthorn | C13: =D13+E13+F13 -> 21579 | D13: =SUMIFS(Picks!$J:$J,Picks!$E:$E,$B13,Picks!$B:$B,2026) -> 12069 | E13: =SUMIFS(Picks!$J:$J,Picks!$E:$E,$B13,Picks!$B:$B,2027) -> 5545 | F13: =SUMIFS(Picks!$J:$J,Picks!$E:$E,$B13,Picks!$B:$B,2028) -> 3965 | G13: =COUNTIFS(Picks!$E:$E,$B13) -> 21 | H13: =COUNTIFS(Picks!$E:$E,$B13,Picks!$B:$B,2026) -> 9 | I13: =COUNTIFS(Picks!$E:$E,$B13,Picks!$B:$B,2027) -> 7 | J13: =COUNTIFS(Picks!$E:$E,$B13,Picks!$B:$B,2028) -> 5
A14: =RANK(C14,$C$6:$C$21) -> 4 | B14: Melbourne | C14: =D14+E14+F14 -> 12619 | D14: =SUMIFS(Picks!$J:$J,Picks!$E:$E,$B14,Picks!$B:$B,2026) -> 8078 | E14: =SUMIFS(Picks!$J:$J,Picks!$E:$E,$B14,Picks!$B:$B,2027) -> 1306 | F14: =SUMIFS(Picks!$J:$J,Picks!$E:$E,$B14,Picks!$B:$B,2028) -> 3235 | G14: =COUNTIFS(Picks!$E:$E,$B14) -> 16 | H14: =COUNTIFS(Picks!$E:$E,$B14,Picks!$B:$B,2026) -> 8 | I14: =COUNTIFS(Picks!$E:$E,$B14,Picks!$B:$B,2027) -> 3 | J14: =COUNTIFS(Picks!$E:$E,$B14,Picks!$B:$B,2028) -> 5
A15: =RANK(C15,$C$6:$C$21) -> 10 | B15: North Melbourne | C15: =D15+E15+F15 -> 3979 | D15: =SUMIFS(Picks!$J:$J,Picks!$E:$E,$B15,Picks!$B:$B,2026) -> 498 | E15: =SUMIFS(Picks!$J:$J,Picks!$E:$E,$B15,Picks!$B:$B,2027) -> 1905 | F15: =SUMIFS(Picks!$J:$J,Picks!$E:$E,$B15,Picks!$B:$B,2028) -> 1576 | G15: =COUNTIFS(Picks!$E:$E,$B15) -> 13 | H15: =COUNTIFS(Picks!$E:$E,$B15,Picks!$B:$B,2026) -> 3 | I15: =COUNTIFS(Picks!$E:$E,$B15,Picks!$B:$B,2027) -> 5 | J15: =COUNTIFS(Picks!$E:$E,$B15,Picks!$B:$B,2028) -> 5
A16: =RANK(C16,$C$6:$C$21) -> 13 | B16: Port Adelaide | C16: =D16+E16+F16 -> 2961 | D16: =SUMIFS(Picks!$J:$J,Picks!$E:$E,$B16,Picks!$B:$B,2026) -> 384 | E16: =SUMIFS(Picks!$J:$J,Picks!$E:$E,$B16,Picks!$B:$B,2027) -> 543 | F16: =SUMIFS(Picks!$J:$J,Picks!$E:$E,$B16,Picks!$B:$B,2028) -> 2034 | G16: =COUNTIFS(Picks!$E:$E,$B16) -> 10 | H16: =COUNTIFS(Picks!$E:$E,$B16,Picks!$B:$B,2026) -> 2 | I16: =COUNTIFS(Picks!$E:$E,$B16,Picks!$B:$B,2027) -> 3 | J16: =COUNTIFS(Picks!$E:$E,$B16,Picks!$B:$B,2028) -> 5
A17: =RANK(C17,$C$6:$C$21) -> 8 | B17: Richmond | C17: =D17+E17+F17 -> 5210 | D17: =SUMIFS(Picks!$J:$J,Picks!$E:$E,$B17,Picks!$B:$B,2026) -> 0 | E17: =SUMIFS(Picks!$J:$J,Picks!$E:$E,$B17,Picks!$B:$B,2027) -> 2739 | F17: =SUMIFS(Picks!$J:$J,Picks!$E:$E,$B17,Picks!$B:$B,2028) -> 2471 | G17: =COUNTIFS(Picks!$E:$E,$B17) -> 12 | H17: =COUNTIFS(Picks!$E:$E,$B17,Picks!$B:$B,2026) -> 3 | I17: =COUNTIFS(Picks!$E:$E,$B17,Picks!$B:$B,2027) -> 4 | J17: =COUNTIFS(Picks!$E:$E,$B17,Picks!$B:$B,2028) -> 5
... A21: =RANK(C21,$C$6:$C$21) -> 12 | B21: Western Bulldogs | C21: =D21+E21+F21 -> 3424 | D21: =SUMIFS(Picks!$J:$J,Picks!$E:$E,$B21,Picks!$B:$B,2026) -> 514 | E21: =SUMIFS(Picks!$J:$J,Picks!$E:$E,$B21,Picks!$B:$B,2027) -> 223 | F21: =SUMIFS(Picks!$J:$J,Picks!$E:$E,$B21,Picks!$B:$B,2028) -> 2687 | G21: =COUNTIFS(Picks!$E:$E,$B21) -> 10 | H21: =COUNTIFS(Picks!$E:$E,$B21,Picks!$B:$B,2026) -> 3 | I21: =COUNTIFS(Picks!$E:$E,$B21,Picks!$B:$B,2027) -> 2 | J21: =COUNTIFS(Picks!$E:$E,$B21,Picks!$B:$B,2028) -> 5
B22: LEAGUE TOTAL | C22: =SUM(C6:C21) -> 127533 | D22: =SUM(D6:D21) -> 47232 | E22: =SUM(E6:E21) -> 42514 | F22: =SUM(F6:F21) -> 37787 | G22: =SUM(G6:G21) -> 240 | H22: =SUM(H6:H21) -> 80 | I22: =SUM(I6:I21) -> 80 | J22: =SUM(J6:J21) -> 80
B24: How to use this workbook
B25: 1. TRADE a pick: on the "Picks" sheet, change the Owner cell (blue dropdown). Totals here update instantly.
B26: 2. UPDATE a finishing position: on the "Ladder" sheet, edit a team's Low / High. Every pick that team
B27: generates re-prices automatically across all owners and rounds.
B28: 3. Lock a finish: set Low = High (e.g. 3 and 3) — the band collapses to that exact pick value.
B29: 4. Different years can differ: a team's 2026, 2027 and 2028 ranges are independent.
B30: 5. Watch the Board integrity status (top): all three years must read VALID, or the ranges have distorted board value.

Sheet Picks
A1: Draft Pick Ledger — change ONLY the Owner column when a pick is traded
A2: ID | B2: Year | C2: Round | D2: Origin Team | E2: Owner | F2: Pick (low) | G2: Pick (high) | H2: Band | I2: Raw Value | J2: Value (counted)
A3: 1 | B3: 2026 | C3: 1 | D3: Adelaide | E3: Collingwood | F3: =INDEX(Ladder!$B$6:$G$21,MATCH($D3,Ladder!$A$6:$A$21,0),IF($B3=2026,1,IF($B3=2027,3,5)))+($C3-1)*16 -> 10 | G3: =INDEX(Ladder!$B$6:$G$21,MATCH($D3,Ladder!$A$6:$A$21,0),IF($B3=2026,2,IF($B3=2027,4,6)))+($C3-1)*16 -> 10 | H3: =IF($F3=$G3,"#"&$F3,"#"&$F3&"-"&$G3) -> #10 | I3: =ROUND(AVERAGEIFS('Pick Values'!$B$2:$B$81,'Pick Values'!$A$2:$A$81,">="&$F3,'Pick Values'!$A$2:$A$81,"<="&$G3),0) -> 1300 | J3: =IF($B3=2027,ROUND($I3*Ladder!$B$2,0),IF($B3=2028,ROUND($I3*Ladder!$B$3,0),$I3)) -> 1300
A4: 2 | B4: 2026 | C4: 2 | D4: Adelaide | E4: Melbourne | F4: =INDEX(Ladder!$B$6:$G$21,MATCH($D4,Ladder!$A$6:$A$21,0),IF($B4=2026,1,IF($B4=2027,3,5)))+($C4-1)*16 -> 26 | G4: =INDEX(Ladder!$B$6:$G$21,MATCH($D4,Ladder!$A$6:$A$21,0),IF($B4=2026,2,IF($B4=2027,4,6)))+($C4-1)*16 -> 26 | H4: =IF($F4=$G4,"#"&$F4,"#"&$F4&"-"&$G4) -> #26 | I4: =ROUND(AVERAGEIFS('Pick Values'!$B$2:$B$81,'Pick Values'!$A$2:$A$81,">="&$F4,'Pick Values'!$A$2:$A$81,"<="&$G4),0) -> 656 | J4: =IF($B4=2027,ROUND($I4*Ladder!$B$2,0),IF($B4=2028,ROUND($I4*Ladder!$B$3,0),$I4)) -> 656
A5: 3 | B5: 2026 | C5: 3 | D5: Adelaide | E5: Collingwood | F5: =INDEX(Ladder!$B$6:$G$21,MATCH($D5,Ladder!$A$6:$A$21,0),IF($B5=2026,1,IF($B5=2027,3,5)))+($C5-1)*16 -> 42 | G5: =INDEX(Ladder!$B$6:$G$21,MATCH($D5,Ladder!$A$6:$A$21,0),IF($B5=2026,2,IF($B5=2027,4,6)))+($C5-1)*16 -> 42 | H5: =IF($F5=$G5,"#"&$F5,"#"&$F5&"-"&$G5) -> #42 | I5: =ROUND(AVERAGEIFS('Pick Values'!$B$2:$B$81,'Pick Values'!$A$2:$A$81,">="&$F5,'Pick Values'!$A$2:$A$81,"<="&$G5),0) -> 432 | J5: =IF($B5=2027,ROUND($I5*Ladder!$B$2,0),IF($B5=2028,ROUND($I5*Ladder!$B$3,0),$I5)) -> 432
A6: 4 | B6: 2026 | C6: 4 | D6: Adelaide | E6: Geelong | F6: =INDEX(Ladder!$B$6:$G$21,MATCH($D6,Ladder!$A$6:$A$21,0),IF($B6=2026,1,IF($B6=2027,3,5)))+($C6-1)*16 -> 58 | G6: =INDEX(Ladder!$B$6:$G$21,MATCH($D6,Ladder!$A$6:$A$21,0),IF($B6=2026,2,IF($B6=2027,4,6)))+($C6-1)*16 -> 58 | H6: =IF($F6=$G6,"#"&$F6,"#"&$F6&"-"&$G6) -> #58 | I6: =ROUND(AVERAGEIFS('Pick Values'!$B$2:$B$81,'Pick Values'!$A$2:$A$81,">="&$F6,'Pick Values'!$A$2:$A$81,"<="&$G6),0) -> 204 | J6: =IF($B6=2027,ROUND($I6*Ladder!$B$2,0),IF($B6=2028,ROUND($I6*Ladder!$B$3,0),$I6)) -> 204
A7: 5 | B7: 2026 | C7: 5 | D7: Adelaide | E7: West Coast | F7: =INDEX(Ladder!$B$6:$G$21,MATCH($D7,Ladder!$A$6:$A$21,0),IF($B7=2026,1,IF($B7=2027,3,5)))+($C7-1)*16 -> 74 | G7: =INDEX(Ladder!$B$6:$G$21,MATCH($D7,Ladder!$A$6:$A$21,0),IF($B7=2026,2,IF($B7=2027,4,6)))+($C7-1)*16 -> 74 | H7: =IF($F7=$G7,"#"&$F7,"#"&$F7&"-"&$G7) -> #74 | I7: =ROUND(AVERAGEIFS('Pick Values'!$B$2:$B$81,'Pick Values'!$A$2:$A$81,">="&$F7,'Pick Values'!$A$2:$A$81,"<="&$G7),0) -> 0 | J7: =IF($B7=2027,ROUND($I7*Ladder!$B$2,0),IF($B7=2028,ROUND($I7*Ladder!$B$3,0),$I7)) -> 0
A8: 6 | B8: 2027 | C8: 1 | D8: Adelaide | E8: Adelaide | F8: =INDEX(Ladder!$B$6:$G$21,MATCH($D8,Ladder!$A$6:$A$21,0),IF($B8=2026,1,IF($B8=2027,3,5)))+($C8-1)*16 -> 10 | G8: =INDEX(Ladder!$B$6:$G$21,MATCH($D8,Ladder!$A$6:$A$21,0),IF($B8=2026,2,IF($B8=2027,4,6)))+($C8-1)*16 -> 10 | H8: =IF($F8=$G8,"#"&$F8,"#"&$F8&"-"&$G8) -> #10 | I8: =ROUND(AVERAGEIFS('Pick Values'!$B$2:$B$81,'Pick Values'!$A$2:$A$81,">="&$F8,'Pick Values'!$A$2:$A$81,"<="&$G8),0) -> 1300 | J8: =IF($B8=2027,ROUND($I8*Ladder!$B$2,0),IF($B8=2028,ROUND($I8*Ladder!$B$3,0),$I8)) -> 1170
A9: 7 | B9: 2027 | C9: 2 | D9: Adelaide | E9: Hawthorn | F9: =INDEX(Ladder!$B$6:$G$21,MATCH($D9,Ladder!$A$6:$A$21,0),IF($B9=2026,1,IF($B9=2027,3,5)))+($C9-1)*16 -> 26 | G9: =INDEX(Ladder!$B$6:$G$21,MATCH($D9,Ladder!$A$6:$A$21,0),IF($B9=2026,2,IF($B9=2027,4,6)))+($C9-1)*16 -> 26 | H9: =IF($F9=$G9,"#"&$F9,"#"&$F9&"-"&$G9) -> #26 | I9: =ROUND(AVERAGEIFS('Pick Values'!$B$2:$B$81,'Pick Values'!$A$2:$A$81,">="&$F9,'Pick Values'!$A$2:$A$81,"<="&$G9),0) -> 656 | J9: =IF($B9=2027,ROUND($I9*Ladder!$B$2,0),IF($B9=2028,ROUND($I9*Ladder!$B$3,0),$I9)) -> 590
A10: 8 | B10: 2027 | C10: 3 | D10: Adelaide | E10: Adelaide | F10: =INDEX(Ladder!$B$6:$G$21,MATCH($D10,Ladder!$A$6:$A$21,0),IF($B10=2026,1,IF($B10=2027,3,5)))+($C10-1)*16 -> 42 | G10: =INDEX(Ladder!$B$6:$G$21,MATCH($D10,Ladder!$A$6:$A$21,0),IF($B10=2026,2,IF($B10=2027,4,6)))+($C10-1)*16 -> 42 | H10: =IF($F10=$G10,"#"&$F10,"#"&$F10&"-"&$G10) -> #42 | I10: =ROUND(AVERAGEIFS('Pick Values'!$B$2:$B$81,'Pick Values'!$A$2:$A$81,">="&$F10,'Pick Values'!$A$2:$A$81,"<="&$G10),0) -> 432 | J10: =IF($B10=2027,ROUND($I10*Ladder!$B$2,0),IF($B10=2028,ROUND($I10*Ladder!$B$3,0),$I10)) -> 389
A11: 9 | B11: 2027 | C11: 4 | D11: Adelaide | E11: Fremantle | F11: =INDEX(Ladder!$B$6:$G$21,MATCH($D11,Ladder!$A$6:$A$21,0),IF($B11=2026,1,IF($B11=2027,3,5)))+($C11-1)*16 -> 58 | G11: =INDEX(Ladder!$B$6:$G$21,MATCH($D11,Ladder!$A$6:$A$21,0),IF($B11=2026,2,IF($B11=2027,4,6)))+($C11-1)*16 -> 58 | H11: =IF($F11=$G11,"#"&$F11,"#"&$F11&"-"&$G11) -> #58 | I11: =ROUND(AVERAGEIFS('Pick Values'!$B$2:$B$81,'Pick Values'!$A$2:$A$81,">="&$F11,'Pick Values'!$A$2:$A$81,"<="&$G11),0) -> 204 | J11: =IF($B11=2027,ROUND($I11*Ladder!$B$2,0),IF($B11=2028,ROUND($I11*Ladder!$B$3,0),$I11)) -> 184
A12: 10 | B12: 2027 | C12: 5 | D12: Adelaide | E12: Adelaide | F12: =INDEX(Ladder!$B$6:$G$21,MATCH($D12,Ladder!$A$6:$A$21,0),IF($B12=2026,1,IF($B12=2027,3,5)))+($C12-1)*16 -> 74 | G12: =INDEX(Ladder!$B$6:$G$21,MATCH($D12,Ladder!$A$6:$A$21,0),IF($B12=2026,2,IF($B12=2027,4,6)))+($C12-1)*16 -> 74 | H12: =IF($F12=$G12,"#"&$F12,"#"&$F12&"-"&$G12) -> #74 | I12: =ROUND(AVERAGEIFS('Pick Values'!$B$2:$B$81,'Pick Values'!$A$2:$A$81,">="&$F12,'Pick Values'!$A$2:$A$81,"<="&$G12),0) -> 0 | J12: =IF($B12=2027,ROUND($I12*Ladder!$B$2,0),IF($B12=2028,ROUND($I12*Ladder!$B$3,0),$I12)) -> 0
A13: 11 | B13: 2026 | C13: 1 | D13: Brisbane | E13: Hawthorn | F13: =INDEX(Ladder!$B$6:$G$21,MATCH($D13,Ladder!$A$6:$A$21,0),IF($B13=2026,1,IF($B13=2027,3,5)))+($C13-1)*16 -> 9 | G13: =INDEX(Ladder!$B$6:$G$21,MATCH($D13,Ladder!$A$6:$A$21,0),IF($B13=2026,2,IF($B13=2027,4,6)))+($C13-1)*16 -> 9 | H13: =IF($F13=$G13,"#"&$F13,"#"&$F13&"-"&$G13) -> #9 | I13: =ROUND(AVERAGEIFS('Pick Values'!$B$2:$B$81,'Pick Values'!$A$2:$A$81,">="&$F13,'Pick Values'!$A$2:$A$81,"<="&$G13),0) -> 1322 | J13: =IF($B13=2027,ROUND($I13*Ladder!$B$2,0),IF($B13=2028,ROUND($I13*Ladder!$B$3,0),$I13)) -> 1322
A14: 12 | B14: 2026 | C14: 2 | D14: Brisbane | E14: Fremantle | F14: =INDEX(Ladder!$B$6:$G$21,MATCH($D14,Ladder!$A$6:$A$21,0),IF($B14=2026,1,IF($B14=2027,3,5)))+($C14-1)*16 -> 25 | G14: =INDEX(Ladder!$B$6:$G$21,MATCH($D14,Ladder!$A$6:$A$21,0),IF($B14=2026,2,IF($B14=2027,4,6)))+($C14-1)*16 -> 25 | H14: =IF($F14=$G14,"#"&$F14,"#"&$F14&"-"&$G14) -> #25 | I14: =ROUND(AVERAGEIFS('Pick Values'!$B$2:$B$81,'Pick Values'!$A$2:$A$81,">="&$F14,'Pick Values'!$A$2:$A$81,"<="&$G14),0) -> 675 | J14: =IF($B14=2027,ROUND($I14*Ladder!$B$2,0),IF($B14=2028,ROUND($I14*Ladder!$B$3,0),$I14)) -> 675
... A242: 240 | B242: 2028 | C242: 5 | D242: Western Bulldogs | E242: Western Bulldogs | F242: =INDEX(Ladder!$B$6:$G$21,MATCH($D242,Ladder!$A$6:$A$21,0),IF($B242=2026,1,IF($B242=2027,3,5)))+($C242-1)*16 -> 69 | G242: =INDEX(Ladder!$B$6:$G$21,MATCH($D242,Ladder!$A$6:$A$21,0),IF($B242=2026,2,IF($B242=2027,4,6)))+($C242-1)*16 -> 69 | H242: =IF($F242=$G242,"#"&$F242,"#"&$F242&"-"&$G242) -> #69 | I242: =ROUND(AVERAGEIFS('Pick Values'!$B$2:$B$81,'Pick Values'!$A$2:$A$81,">="&$F242,'Pick Values'!$A$2:$A$81,"<="&$G242),0) -> 0 | J242: =IF($B242=2027,ROUND($I242*Ladder!$B$2,0),IF($B242=2028,ROUND($I242*Ladder!$B$3,0),$I242)) -> 0

Sheet Ladder
A1: Ladder Projections & Settings — the only place you set where teams finish
A2: 2027 value multiplier: | B2: 0.9 | C2: ← applied to all 2027 picks (2026 picks undiscounted)
A3: 2028 value multiplier: | B3: 0.8 | C3: ← applied to all 2028 picks
A4: Edit each team's projected finishing pick range. Set Low = High when locked. Years are independent.
A5: Team | B5: 2026 Low | C5: 2026 High | D5: 2027 Low | E5: 2027 High | F5: 2028 Low | G5: 2028 High | I5: RANGE INTEGRITY CHECK
A6: Adelaide | B6: 10 | C6: 10 | D6: 10 | E6: 10 | F6: 10 | G6: 10 | I6: Position | J6: 2026 | K6: 2027 | L6: 2028
A7: Brisbane | B7: 9 | C7: 9 | D7: 9 | E7: 9 | F7: 9 | G7: 9 | I7: 1 | J7: =SUMPRODUCT(($B$6:$B$21<=$I7)*($C$6:$C$21>=$I7)/($C$6:$C$21-$B$6:$B$21+1)) -> 1 | K7: =SUMPRODUCT(($D$6:$D$21<=$I7)*($E$6:$E$21>=$I7)/($E$6:$E$21-$D$6:$D$21+1)) -> 1 | L7: =SUMPRODUCT(($F$6:$F$21<=$I7)*($G$6:$G$21>=$I7)/($G$6:$G$21-$F$6:$F$21+1)) -> 1
A8: Carlton | B8: 8 | C8: 8 | D8: 8 | E8: 8 | F8: 8 | G8: 8 | I8: 2 | J8: =SUMPRODUCT(($B$6:$B$21<=$I8)*($C$6:$C$21>=$I8)/($C$6:$C$21-$B$6:$B$21+1)) -> 1 | K8: =SUMPRODUCT(($D$6:$D$21<=$I8)*($E$6:$E$21>=$I8)/($E$6:$E$21-$D$6:$D$21+1)) -> 1 | L8: =SUMPRODUCT(($F$6:$F$21<=$I8)*($G$6:$G$21>=$I8)/($G$6:$G$21-$F$6:$F$21+1)) -> 1
A9: Collingwood | B9: 7 | C9: 7 | D9: 7 | E9: 7 | F9: 7 | G9: 7 | I9: 3 | J9: =SUMPRODUCT(($B$6:$B$21<=$I9)*($C$6:$C$21>=$I9)/($C$6:$C$21-$B$6:$B$21+1)) -> 1 | K9: =SUMPRODUCT(($D$6:$D$21<=$I9)*($E$6:$E$21>=$I9)/($E$6:$E$21-$D$6:$D$21+1)) -> 1 | L9: =SUMPRODUCT(($F$6:$F$21<=$I9)*($G$6:$G$21>=$I9)/($G$6:$G$21-$F$6:$F$21+1)) -> 1
A10: Essendon | B10: 4 | C10: 4 | D10: 4 | E10: 4 | F10: 4 | G10: 4 | I10: 4 | J10: =SUMPRODUCT(($B$6:$B$21<=$I10)*($C$6:$C$21>=$I10)/($C$6:$C$21-$B$6:$B$21+1)) -> 1 | K10: =SUMPRODUCT(($D$6:$D$21<=$I10)*($E$6:$E$21>=$I10)/($E$6:$E$21-$D$6:$D$21+1)) -> 1 | L10: =SUMPRODUCT(($F$6:$F$21<=$I10)*($G$6:$G$21>=$I10)/($G$6:$G$21-$F$6:$F$21+1)) -> 1
A11: Fremantle | B11: 2 | C11: 2 | D11: 2 | E11: 2 | F11: 2 | G11: 2 | I11: 5 | J11: =SUMPRODUCT(($B$6:$B$21<=$I11)*($C$6:$C$21>=$I11)/($C$6:$C$21-$B$6:$B$21+1)) -> 1 | K11: =SUMPRODUCT(($D$6:$D$21<=$I11)*($E$6:$E$21>=$I11)/($E$6:$E$21-$D$6:$D$21+1)) -> 1 | L11: =SUMPRODUCT(($F$6:$F$21<=$I11)*($G$6:$G$21>=$I11)/($G$6:$G$21-$F$6:$F$21+1)) -> 1
A12: Geelong | B12: 13 | C12: 13 | D12: 13 | E12: 13 | F12: 13 | G12: 13 | I12: 6 | J12: =SUMPRODUCT(($B$6:$B$21<=$I12)*($C$6:$C$21>=$I12)/($C$6:$C$21-$B$6:$B$21+1)) -> 1 | K12: =SUMPRODUCT(($D$6:$D$21<=$I12)*($E$6:$E$21>=$I12)/($E$6:$E$21-$D$6:$D$21+1)) -> 1 | L12: =SUMPRODUCT(($F$6:$F$21<=$I12)*($G$6:$G$21>=$I12)/($G$6:$G$21-$F$6:$F$21+1)) -> 1
A13: Hawthorn | B13: 1 | C13: 1 | D13: 1 | E13: 1 | F13: 1 | G13: 1 | I13: 7 | J13: =SUMPRODUCT(($B$6:$B$21<=$I13)*($C$6:$C$21>=$I13)/($C$6:$C$21-$B$6:$B$21+1)) -> 1 | K13: =SUMPRODUCT(($D$6:$D$21<=$I13)*($E$6:$E$21>=$I13)/($E$6:$E$21-$D$6:$D$21+1)) -> 1 | L13: =SUMPRODUCT(($F$6:$F$21<=$I13)*($G$6:$G$21>=$I13)/($G$6:$G$21-$F$6:$F$21+1)) -> 1
A14: Melbourne | B14: 3 | C14: 3 | D14: 3 | E14: 3 | F14: 3 | G14: 3 | I14: 8 | J14: =SUMPRODUCT(($B$6:$B$21<=$I14)*($C$6:$C$21>=$I14)/($C$6:$C$21-$B$6:$B$21+1)) -> 1 | K14: =SUMPRODUCT(($D$6:$D$21<=$I14)*($E$6:$E$21>=$I14)/($E$6:$E$21-$D$6:$D$21+1)) -> 1 | L14: =SUMPRODUCT(($F$6:$F$21<=$I14)*($G$6:$G$21>=$I14)/($G$6:$G$21-$F$6:$F$21+1)) -> 1
A15: North Melbourne | B15: 15 | C15: 15 | D15: 15 | E15: 15 | F15: 15 | G15: 15 | I15: 9 | J15: =SUMPRODUCT(($B$6:$B$21<=$I15)*($C$6:$C$21>=$I15)/($C$6:$C$21-$B$6:$B$21+1)) -> 1 | K15: =SUMPRODUCT(($D$6:$D$21<=$I15)*($E$6:$E$21>=$I15)/($E$6:$E$21-$D$6:$D$21+1)) -> 1 | L15: =SUMPRODUCT(($F$6:$F$21<=$I15)*($G$6:$G$21>=$I15)/($G$6:$G$21-$F$6:$F$21+1)) -> 1
A16: Port Adelaide | B16: 11 | C16: 11 | D16: 11 | E16: 11 | F16: 11 | G16: 11 | I16: 10 | J16: =SUMPRODUCT(($B$6:$B$21<=$I16)*($C$6:$C$21>=$I16)/($C$6:$C$21-$B$6:$B$21+1)) -> 1 | K16: =SUMPRODUCT(($D$6:$D$21<=$I16)*($E$6:$E$21>=$I16)/($E$6:$E$21-$D$6:$D$21+1)) -> 1 | L16: =SUMPRODUCT(($F$6:$F$21<=$I16)*($G$6:$G$21>=$I16)/($G$6:$G$21-$F$6:$F$21+1)) -> 1
A17: Richmond | B17: 6 | C17: 6 | D17: 6 | E17: 6 | F17: 6 | G17: 6 | I17: 11 | J17: =SUMPRODUCT(($B$6:$B$21<=$I17)*($C$6:$C$21>=$I17)/($C$6:$C$21-$B$6:$B$21+1)) -> 1 | K17: =SUMPRODUCT(($D$6:$D$21<=$I17)*($E$6:$E$21>=$I17)/($E$6:$E$21-$D$6:$D$21+1)) -> 1 | L17: =SUMPRODUCT(($F$6:$F$21<=$I17)*($G$6:$G$21>=$I17)/($G$6:$G$21-$F$6:$F$21+1)) -> 1
A18: St Kilda | B18: 12 | C18: 12 | D18: 12 | E18: 12 | F18: 12 | G18: 12 | I18: 12 | J18: =SUMPRODUCT(($B$6:$B$21<=$I18)*($C$6:$C$21>=$I18)/($C$6:$C$21-$B$6:$B$21+1)) -> 1 | K18: =SUMPRODUCT(($D$6:$D$21<=$I18)*($E$6:$E$21>=$I18)/($E$6:$E$21-$D$6:$D$21+1)) -> 1 | L18: =SUMPRODUCT(($F$6:$F$21<=$I18)*($G$6:$G$21>=$I18)/($G$6:$G$21-$F$6:$F$21+1)) -> 1
... A21: Western Bulldogs | B21: 5 | C21: 5 | D21: 5 | E21: 5 | F21: 5 | G21: 5 | I21: 15 | J21: =SUMPRODUCT(($B$6:$B$21<=$I21)*($C$6:$C$21>=$I21)/($C$6:$C$21-$B$6:$B$21+1)) -> 1 | K21: =SUMPRODUCT(($D$6:$D$21<=$I21)*($E$6:$E$21>=$I21)/($E$6:$E$21-$D$6:$D$21+1)) -> 1 | L21: =SUMPRODUCT(($F$6:$F$21<=$I21)*($G$6:$G$21>=$I21)/($G$6:$G$21-$F$6:$F$21+1)) -> 1
I22: 16 | J22: =SUMPRODUCT(($B$6:$B$21<=$I22)*($C$6:$C$21>=$I22)/($C$6:$C$21-$B$6:$B$21+1)) -> 1 | K22: =SUMPRODUCT(($D$6:$D$21<=$I22)*($E$6:$E$21>=$I22)/($E$6:$E$21-$D$6:$D$21+1)) -> 1 | L22: =SUMPRODUCT(($F$6:$F$21<=$I22)*($G$6:$G$21>=$I22)/($G$6:$G$21-$F$6:$F$21+1)) -> 1
I24: 2026 board: | J24: =IF(SUMPRODUCT(--(ROUND($J$7:$J$22,6)<>1))=0,"VALID - value conserved","CHECK - ranges distort value") -> VALID - value conserved
I25: 2027 board: | J25: =IF(SUMPRODUCT(--(ROUND($K$7:$K$22,6)<>1))=0,"VALID - value conserved","CHECK - ranges distort value") -> VALID - value conserved
I26: 2028 board: | J26: =IF(SUMPRODUCT(--(ROUND($L$7:$L$22,6)<>1))=0,"VALID - value conserved","CHECK - ranges distort value") -> VALID - value conserved
I28: Each position must read 1.000 — filled by exactly one team. If a range is too wide/narrow,
I29: positions drift off 1.000 and the board gains or loses value. Positions 1–16 = round 1; rounds 2–5 inherit it.
I31: Board value each year (fixed): | L31: =SUM('Pick Values'!$B$2:$B$81) -> 47232

Sheet Pick Values
A1: Pick | B1: Value | C1: Reference: dollar value of each draft pick (1–80).
A2: 1 | B2: 3000 | C2: Band values on the Picks sheet = ROUND(AVERAGE of this table across the band, 0).
A3: 2 | B3: 2733
A4: 3 | B4: 2436
A5: 4 | B5: 2074
A6: 5 | B6: 1792
A7: 6 | B7: 1572
A8: 7 | B8: 1383
A9: 8 | B9: 1343
A10: 9 | B10: 1322
A11: 10 | B11: 1300
A12: 11 | B12: 1296
A13: 12 | B13: 1232
A14: 13 | B14: 1131
... A81: 80 | B81: 0
